{"cameraMode":{"drawMode":0,"name":"Shaded","section":"Shading Mode"},"sceneLighting":false,"audioPlay":false,"sceneViewState":{"m_AlwaysRefresh":false,"showFog":true,"showSkybox":false,"showFlares":true,"showImageEffects":true,"showParticleSystems":true,"showVisualEffectGraphs":true,"m_FxEnabled":true},"in2DMode":false,"pivot":{"x":-0.03578358143568039,"y":2.9907314777374269,"z":0.8179275989532471},"rotation":{"x":0.026061324402689935,"y":0.6892701983451843,"z":-0.024823540821671487,"w":0.7236039042472839},"size":1.1834797859191895,"orthographic":false}