{"cameraMode":{"drawMode":0,"name":"Shaded","section":"Shading Mode"},"sceneLighting":true,"audioPlay":false,"sceneViewState":{"m_AlwaysRefresh":false,"showFog":true,"showSkybox":true,"showFlares":true,"showImageEffects":true,"showParticleSystems":true,"showVisualEffectGraphs":true,"m_FxEnabled":true},"in2DMode":false,"pivot":{"x":-0.20034046471118928,"y":2.171541929244995,"z":10.924099922180176},"rotation":{"x":-0.11163809895515442,"y":-0.7299482226371765,"z":0.12290477752685547,"w":-0.6630288362503052},"size":6.026110649108887,"orthographic":false}